ticker,type,ticker_api,name,id,sid
SETFGOLD,etf,SETFGOLD,SBI Gold ETF,SBIG,SBIG
GOLDBEES,etf,GOLDBEES,Nippon India ETF Gold BeES,GBES,GBES
HDFCGOLD,etf,HDFCGOLD,HDFC Gold ETF,HDGO,HDGO
TATAGOLD,etf,TATAGOLD,Tata Gold Exchange Traded Fund,TATAG,TATAG
GOLDIETF,etf,GOLDIETF,ICICI Prudential Gold ETF,IPEG,IPEG
GOLD1,etf,GOLD1,Kotak Gold Etf,KTGF,KTGF
GOLDCASE,etf,GOLDCASE,Zerodha Gold ETF,GOLDA,GOLDA
GOLDETF,etf,GOLDETF,Mirae Asset Gold ETF,MAGO,MAGO
MOGOLD,etf,MOGOLD,Motilal Oswal Gold ETF,MOG,MOG
AXISGOLD,etf,AXISGOLD,Axis Gold ETF,AXGF,AXGF
GOLDADD,etf,GOLDADD,DSP Gold ETF,DSPG,DSPG
GOLDBETA,etf,GOLDBETA,UTI Gold Exchange Traded Fund,UTGF,UTGF
BSLGOLDETF,etf,BSLGOLDETF,Aditya Birla Sun Life Gold ETF,AITY,AITY
GROWWGOLD,etf,GROWWGOLD,Groww Gold ETF,GROWG,GROWG
LICMFGOLD,etf,LICMFGOLD,LIC MF Gold ETF,IDBE,IDBE
GOLDBND,etf,GOLDBND,Bandhan Gold ETF,GOLDB,GOLDB
BBNPPGOLD,etf,BBNPPGOLD,Baroda BNP Paribas Gold ETF,BBN,BBN
AONEGOLD,etf,AONEGOLD,Angel One Gold ETF,AONEG,AONEG
COMMOIETF,etf,COMMOIETF,ICICI Pru Nifty Commodities ETF,ICICO,ICICO
QGOLDHALF,etf,QGOLDHALF,Quantum Gold Fund,QTGF,QTGF
GOLD360,etf,GOLD360,360 ONE Gold ETF,GOLG,GOLG
CHOICEGOLD,etf,CHOICEGOLD,Choice Gold ETF,CHOIC,CHOIC
IVZINGOLD,etf,IVZINGOLD,Invesco India Gold Exchange Traded Fund,INVS,INVS
EGOLD,etf,EGOLD,Edelweiss Gold ETF,EGO,EGO
UNIONGOLD,etf,UNIONGOLD,Union Gold ETF,UNIOG,UNIOG
SILVERBEES,etf,SILVERBEES,Nippon India Silver ETF,NETFS,NETFS
TATSILV,etf,TATSILV,Tata Silver Exchange Traded Fund,TATSI,TATSI
HDFCSILVER,etf,HDFCSILVER,HDFC Silver ETF,HDFCS,HDFCS
SILVERIETF,etf,SILVERIETF,ICICI Prudential Silver ETF,ICICS,ICICS
SILVER,etf,SILVER,Aditya BSL Silver ETF,SILVR,SILVR
SBISILVER,etf,SBISILVER,SBI Silver ETF,SBISI,SBISI
SILVERCASE,etf,SILVERCASE,Zerodha Silver ETF,SILVC,SILVC
SILVER1,etf,SILVER1,Kotak Silver ETF,KOTAS,KOTAS
SILVERBETA,etf,SILVERBETA,UTI Silver Exchange Traded Fund,SILVT,SILVT
AXISILVER,etf,AXISILVER,Axis Silver ETF,AXISI,AXISI
SILVERADD,etf,SILVERADD,DSP Silver ETF,DSPS,DSPS
ESILVER,etf,ESILVER,Edelweiss Silver ETF,ESI,ESI
GROWWSLVR,etf,GROWWSLVR,Groww Silver ETF,GROWS,GROWS
SILVERAG,etf,SILVERAG,Mirae Asset Silver ETF,MASI,MASI
SILVER360,etf,SILVER360,360 ONE Silver ETF,SILVS,SILVS
MOSILVER,etf,MOSILVER,Motilal Oswal Silver ETF,MOSI,MOSI
SILVERBND,etf,SILVERBND,Bandhan Silver ETF,SILVB,SILVB
GSEC10IETF,etf,GSEC10IETF,ICICI Pru Nifty 10 yr Benchmark G-sec ETF,ICIGI,ICIGI
GILT5BETA,etf,GILT5BETA,UTI Nifty 5 yr Benchmark G-Sec ETF,NIFGE,NIFGE
LTGILTBEES,etf,LTGILTBEES,Nippon IN ETF Nifty 8-13 yr G-Sec Long Term Gilt,NTFL,NTFL
GILT5YBEES,etf,GILT5YBEES,Nippon India ETF Nifty 5 yr Benchmark G-Sec,NETFG,NETFG
SETF10GILT,etf,SETF10GILT,SBI Nifty 10 yr Benchmark G-Sec ETF,SBGT,SBGT
LTGILTCASE,etf,LTGILTCASE,Zerodha Nifty 8-13 Yr G-Sec ETF,LTG,LTG
LICNETFGSC,etf,LICNETFGSC,LIC MF Nifty 8-13 yr G-Sec ETF,LICN,LICN
MOGSEC,etf,MOGSEC,Motilal Oswal Nifty 5 year BM G-Sec ETF,G,G
GSEC5IETF,etf,GSEC5IETF,ICICI Pru Nifty 5 yr Benchmark G-SEC ETF,ICICG,ICICG
GILT10BETA,etf,GILT10BETA,UTI Nifty 10 yr Benchmark G-Sec ETF,NIFG,NIFG
ABGSEC,etf,ABGSEC,Aditya Birla Sun Life CRISIL Broad Based Gilt ETF,ABGSE,ABGSE
GSEC10YEAR,etf,GSEC10YEAR,Mirae Asset Nifty 8-13 yr G-Sec ETF,MAGS,MAGS
GSEC10ABSL,etf,GSEC10ABSL,Aditya Birla Sun Life CRISIL 10 Year Gilt ETF,GSE,GSE
LIQUIDBEES,etf,LIQUIDBEES,Nippon India ETF Nifty 1D Rate Liquid BeES,LBES,LBES
LIQUIDIETF,etf,LIQUIDIETF,ICICI Prudential BSE Liquid Rate ETF - IDCW,ICIP,ICIP
LIQUIDETF,etf,LIQUIDETF,DSP NIFTY 1D Rate Liquid ETF,DSPL,DSPL
LIQUIDCASE,etf,LIQUIDCASE,Zerodha Nifty 1D Rate Liquid ETF,LIQUI,LIQUI
LIQUIDADD,etf,LIQUIDADD,DSP BSE Liquid Rate ETF,LIQUD,LIQUD
LIQUID1,etf,LIQUID1,Kotak Nifty 1D Rate Liquid ETF,KOTAI,KOTAI
LIQUIDPLUS,etf,LIQUIDPLUS,Mirae Asset Nifty 1D Rate Liquid ETF   Growth,LIQUP,LIQUP
LIQUIDBETF,etf,LIQUIDBETF,Bajaj Finserv Nifty 1D Rate Liquid ETF - Growth,LIQUB,LIQUB
LIQUID,etf,LIQUID,Mirae Asset Nifty 1D Rate Liquid ETF - IDCW,LIQ,LIQ
LIQGRWBEES,etf,LIQGRWBEES,Nippon India Nifty 1D Rate Liquid ETF - Growth,LIQG,LIQG
CASHIETF,etf,CASHIETF,ICICI Prudential BSE Liquid Rate ETF - Growth,CAS,CAS
SBILIQETF,etf,SBILIQETF,SBI NIFTY 1D Rate Liquid ETF - Growth,SBILI,SBILI
HDFCLIQUID,etf,HDFCLIQUID,HDFC Nifty 1D Rate Liquid ETF - Growth,HDFCU,HDFCU
LIQUIDSBI,etf,LIQUIDSBI,SBI Nifty 1D Rate Liquid ETF - IDCW,LIQU,LIQU
GROWWLIQID,etf,GROWWLIQID,Groww Nifty 1D Rate Liquid ETF,GROWW,GROWW
LIQUIDSHRI,etf,LIQUIDSHRI,Shriram Nifty 1D Rate Liquid ETF,LIQUS,LIQUS
AONELIQUID,etf,AONELIQUID,Angel One Nifty 1D Rate Liquid ETF - Growth,AONE,AONE
ELIQUID,etf,ELIQUID,Edelweiss Nifty 1D Rate Liquid ETF - Growth,ELIQ,ELIQ
ABSLLIQUID,etf,ABSLLIQUID,Aditya Birla Sun Life CRISIL Liquid Overnight ETF,ABSL,ABSL
SDL26BEES,etf,SDL26BEES,NipponINETFNifty SDL Apr 2026 Top 20 Equal Weight,NETF,NETF
AXISBPSETF,etf,AXISBPSETF,Axis Nifty AAA Bond Plus SDL Apr 2026 50:50 ETF,AXISB,AXISB
EBBETF0430,etf,EBBETF0430,BHARAT Bond ETF-April 2030-Growth,BHAB,BHAB
EBBETF0433,etf,EBBETF0433,BHARAT Bond ETF - April 2033,EBB,EBB
EBBETF0431,etf,EBBETF0431,BHARAT Bond ETF-April 2031-Growth,BARE,BARE
BBETF0432,etf,BBETF0432,BHARAT Bond ETF-April 2032,BBE,BBE
MAFANG,etf,MAFANG,Mirae Asset NYSE FANG+ ETF,MAFAN,MAFAN
MAHKTECH,etf,MAHKTECH,Mirae Asset Hang Seng TECH ETF,MAHK,MAHK
HNGSNGBEES,etf,HNGSNGBEES,Nippon India ETF Hang Seng BeES,HNGS,HNGS
MON100,etf,MON100,Motilal Oswal NASDAQ 100 ETF,N100,N100
MONQ50,etf,MONQ50,Motilal Oswal Nasdaq Q50 ETF,MONQ,MONQ
MSCIINDIA,etf,MSCIINDIA,Kotak MSCI India ETF,MSCI,MSCI
ABSLMSCIN,etf,ABSLMSCIN,Aditya Birla Sun Life MSCI India ETF,ABSLM,ABSLM
MSCIADD,etf,MSCIADD,DSP MSCI India ETF,MSCIA,MSCIA
NIFTYBEES,etf,NIFTYBEES,Nippon India ETF Nifty 50 BeES,NBES,NBES
HDFCSENSEX,etf,HDFCSENSEX,HDFC BSE Sensex ETF,HDSE,HDSE
NIFTYBETA,etf,NIFTYBETA,UTI Nifty 50 ETF,UTIN,UTIN
JUNIORBEES,etf,JUNIORBEES,Nippon India ETF Nifty Next 50 Junior BeES,JBES,JBES
SETFNIF50,etf,SETFNIF50,SBI Nifty 50 ETF,SBFP,SBFP
NIFTYIETF,etf,NIFTYIETF,ICICI Prudential Nifty 50 ETF,ICNI,ICNI
NIFTY1,etf,NIFTY1,Kotak Nifty 50 ETF,KOTK,KOTK
NIFTYETF,etf,NIFTYETF,Mirae Asset Nifty 50 ETF,MIRA,MIRA
NEXT50IETF,etf,NEXT50IETF,ICICI Prudential Nifty Next 50 ETF,ICIT,ICIT
HDFCNIFTY,etf,HDFCNIFTY,HDFC Nifty 50 ETF,HDFN,HDFN
BSLNIFTY,etf,BSLNIFTY,Aditya Birla Sun Life Nifty 50 ETF,ADIY,ADIY
LOWVOLIETF,etf,LOWVOLIETF,ICICI Prudential Nifty 100 Low Vol 30 ETF,IICI,IICI
MOCAPITAL,etf,MOCAPITAL,Motilal Oswal Nifty Capital Market ETF,MOC,MOC
MULTICAP,etf,MULTICAP,Mirae Asset Nifty500 Multicap 50:25:25 ETF,MULTC,MULTC
MONIFTY500,etf,MONIFTY500,Motilal Oswal Nifty 500 ETF,MONIF,MONIF
SETFNN50,etf,SETFNN50,SBI Nifty Next 50 ETF,SBIN,SBIN
NIFTYCASE,etf,NIFTYCASE,Zerodha Nifty 50 ETF,NIFTC,NIFTC
SENSEXIETF,etf,SENSEXIETF,ICICI Prudential BSE Sensex ETF,ICII,ICII
TOP100CASE,etf,TOP100CASE,Zerodha Nifty 100 ETF,TOP,TOP
NEXT50,etf,NEXT50,Mirae Asset Nifty Next 50 ETF,MIRE,MIRE
MASPTOP50,etf,MASPTOP50,Mirae Asset S&P 500 Top 50 ETF,MASP,MASP
SENSEXETF,etf,SENSEXETF,Mirae Asset BSE Sensex ETF,SENS,SENS
AXISNIFTY,etf,AXISNIFTY,Axis Nifty 50 ETF,AISN,AISN
NIF100BEES,etf,NIF100BEES,Nippon India ETF Nifty 100,NIPO,NIPO
HDFCNEXT50,etf,HDFCNEXT50,HDFC Nifty NEXT 50 ETF,HDFCN,HDFCN
ECAPINSURE,etf,ECAPINSURE,Edelweiss BSE Capital Markets & Insurance ETF,ECA,ECA
GROWWCAPM,etf,GROWWCAPM,Groww Nifty Capital Markets ETF,GROWA,GROWA
SENSEXBETA,etf,SENSEXBETA,UTI BSE Sensex ETF,UTIS,UTIS
NEXT50BETA,etf,NEXT50BETA,UTI Nifty Next 50 Exchange Traded Fund,UTII,UTII
AONENIFTY,etf,AONENIFTY,Angel One Nifty 50 ETF,AONEN,AONEN
BSE500IETF,etf,BSE500IETF,ICICI Prudential BSE 500 ETF,ICSP,ICSP
NIFTYADD,etf,NIFTYADD,DSP Nifty 50 ETF,DSPN,DSPN
GROWWNET,etf,GROWWNET,Groww Nifty India Internet ETF,GROWE,GROWE
GROWWNIFTY,etf,GROWWNIFTY,Groww Nifty 50 ETF,GROWI,GROWI
AONETOTAL,etf,AONETOTAL,Angel One Nifty Total Market ETF,AON,AON
AXSENSEX,etf,AXSENSEX,Axis BSE Sensex ETF,AXS,AXS
QNIFTY,etf,QNIFTY,Quantum Nifty 50 ETF,QUAN,QUAN
LICNETFN50,etf,LICNETFN50,LIC MF Nifty 50 ETF,LICO,LICO
NIFTYBETF,etf,NIFTYBETF,Bajaj Finserv Nifty 50 ETF,NIFT,NIFT
NIF100IETF,etf,NIF100IETF,ICICI Prudential Nifty 100 ETF,ICIC,ICIC
MONIFTY100,etf,MONIFTY100,Motilal Oswal Nifty 100 ETF,MONIT,MONIT
GROWWNXT50,etf,GROWWNXT50,Groww Nifty Next 50 ETF,GROWX,GROWX
HDFCGROWTH,etf,HDFCGROWTH,HDFC Nifty Growth Sectors 15 ETF,HDFCG,HDFCG
NETF,etf,NETF,Tata Nifty 50 ETF,TATN,TATN
HDFCBSE500,etf,HDFCBSE500,HDFC BSE 500 ETF,HDFCB,HDFCB
LOWVOL1,etf,LOWVOL1,Kotak Nifty 100 Low Volatility 30 ETF,KOTAL,KOTAL
ABSLNN50ET,etf,ABSLNN50ET,Aditya Birla Sun Life Nifty Next 50 ETF,ADIB,ADIB
GROWWN200,etf,GROWWN200,Groww Nifty 200 ETF,GROWN,GROWN
HDFCNIF100,etf,HDFCNIF100,HDFC Nifty 100 ETF,HDF,HDF
HDFCLOWVOL,etf,HDFCLOWVOL,HDFC Nifty100 Low Volatility 30 ETF,HDFCL,HDFCL
IDFNIFTYET,etf,IDFNIFTYET,Bandhan Nifty 50 ETF,IFCN,IFCN
SNXT30BEES,etf,SNXT30BEES,Nippon India BSE Sensex Next 30 ETF,SNX,SNX
IVZINNIFTY,etf,IVZINNIFTY,Invesco India Nifty 50 ETF,INVO,INVO
BSLSENETFG,etf,BSLSENETFG,Aditya Birla Sun Life BSE Sensex ETF,BSL,BSL
NEXT50ETF,etf,NEXT50ETF,Kotak Nifty Next 50 ETF,NEXTE,NEXTE
SNXT50BETA,etf,SNXT50BETA,UTI BSE Sensex Next 50 ETF,UTIP,UTIP
LICNFNHGP,etf,LICNFNHGP,LIC MF Nifty 100 ETF,LICU,LICU
NEXT50ADD,etf,NEXT50ADD,DSP Nifty Next 50 ETF,NEXTA,NEXTA
NEXT30ADD,etf,NEXT30ADD,DSP BSE Sensex Next 30 ETF,NEXT,NEXT
MONEXT50,etf,MONEXT50,Motilal Oswal Nifty Next 50 ETF,MONEX,MONEX
GROWWLOVOL,etf,GROWWLOVOL,Groww Nifty 500 Low Volatility 50 ETF,GROWL,GROWL
ENIFTY,etf,ENIFTY,Edelweiss Nifty 50 ETF,ENI,ENI
SENSEXADD,etf,SENSEXADD,DSP BSE Sensex ETF,DSPSE,DSPSE
LICNETFSEN,etf,LICNETFSEN,LIC MF BSE Sensex ETF,LICM,LICM
ESENSEX,etf,ESENSEX,Edelweiss BSE Sensex ETF,ESE,ESE
LOWVOL,etf,LOWVOL,Mirae Asset Nifty 100 Low Volatility 30 ETF,MANV,MANV
MIDCAPIETF,etf,MIDCAPIETF,ICICI Prudential Nifty Midcap 150 ETF,IICP,IICP
SMALLCAP,etf,SMALLCAP,Mirae Asset Nifty Smallcap 250 Momentum Ql 100 ETF,SMAL,SMAL
MOM100,etf,MOM100,Motilal Oswal Nifty Midcap 100 ETF,M100,M100
HDFCSML250,etf,HDFCSML250,HDFC NIFTY Smallcap 250 ETF,HDFCH,HDFCH
MID150BEES,etf,MID150BEES,Nippon India ETF Nifty Midcap 150,NTFM,NTFM
MIDCAPETF,etf,MIDCAPETF,Mirae Asset Nifty Midcap 150 ETF,MAME,MAME
MOSMALL250,etf,MOSMALL250,Motilal Oswal Nifty Smallcap 250 ETF,MOSM,MOSM
MID150CASE,etf,MID150CASE,Zerodha Nifty Midcap 150 ETF,MIDC,MIDC
HDFCMID150,etf,HDFCMID150,HDFC NIFTY Midcap 150 ETF,HDFCD,HDFCD
SML100CASE,etf,SML100CASE,Zerodha Nifty Smallcap 100 ETF,SMLC,SMLC
MIDCAP,etf,MIDCAP,Kotak Nifty Midcap 50 ETF,KOTAM,KOTAM
ELM250,etf,ELM250,Edelweiss Nifty LargeMidcap 250 ETF,ELM,ELM
SMALL250,etf,SMALL250,Mirae Asset Nifty Smallcap 250 ETF,SMALL,SMALL
MID150,etf,MID150,Kotak Nifty Midcap 150 ETF,MII,MII
MIDSELIETF,etf,MIDSELIETF,ICICI Prudential BSE Midcap Select ETF,ICIU,ICIU
GROWWSC250,etf,GROWWSC250,Groww Nifty Smallcap 250 ETF,GROWC,GROWC
SMALLADD,etf,SMALLADD,DSP Nifty Smallcap 250 ETF,SMALA,SMALA
MOLOWVOL,etf,MOLOWVOL,Motilal Oswal BSE Low Volatility ETF,MOLO,MOLO
LICNMID100,etf,LICNMID100,LIC MF Nifty Midcap 100 ETF,LICNM,LICNM
MIDCAPBETA,etf,MIDCAPBETA,UTI Nifty Midcap 150 Exchange Traded Fund,NIFM,NIFM
GROWWMC150,etf,GROWWMC150,Groww Nifty Midcap 150 ETF,GROMW,GROMW
MIDCAPADD,etf,MIDCAPADD,DSP Nifty Midcap 150 ETF,MIDCA,MIDCA
AUTOIETF,etf,AUTOIETF,ICICI Prudential Nifty Auto ETF,ICICA,ICICA
AUTOBEES,etf,AUTOBEES,Nippon India Nifty Auto ETF,NETFA,NETFA
BANKBEES,etf,BANKBEES,Nippon India ETF Nifty Bank BeES,BBES,BBES
PVTBANIETF,etf,PVTBANIETF,ICICI Prudential Nifty Private Bank ETF,ICIV,ICIV
BANKIETF,etf,BANKIETF,ICICI Prudential Nifty Bank ETF,ICIA,ICIA
BANKBETF,etf,BANKBETF,Bajaj Finserv Nifty Bank ETF,BANKB,BANKB
BANKNIFTY1,,,,,
SETFNIFBK,,,,,
HDFCNIFBAN,etf,HDFCNIFBAN,HDFC Nifty Banking ETF,HDFB,HDFB
BANKETF,etf,BANKETF,Mirae Asset Nifty Bank ETF,BANK,BANK
BANKBETA,etf,BANKBETA,UTI Nifty Bank ETF,UTIB,UTIB
ABSLBANETF,etf,ABSLBANETF,Aditya Birla Sun Life Nifty Bank ETF,ADIL,ADIL
SBIETFPB,etf,SBIETFPB,SBI Nifty Private Bank ETF,SBIE,SBIE
HDFCPVTBAN,etf,HDFCPVTBAN,HDFC Nifty Private Bank ETF,HDFCP,HDFCP
BANKADD,etf,BANKADD,DSP Nifty Bank ETF,DSPB,DSPB
PVTBANKADD,etf,PVTBANKADD,DSP Nifty Private Bank ETF,DSPPV,DSPPV
BBNPNBETF,etf,BBNPNBETF,Baroda BNP Paribas Nifty Bank ETF,BBNP,BBNP
AXISBNKETF,etf,AXISBNKETF,Axis NIFTY Bank ETF,AXIS,AXIS
NPBET,,,,,
EBANKNIFTY,,,,,
ENERGY,,,,,
OILIETF,etf,OILIETF,ICICI Prudential Nifty Oil & Gas ETF,OIL,OIL
MOENERGY,etf,MOENERGY,Motilal Oswal Nifty Energy ETF,MOE,MOE
GROWWPOWER,etf,GROWWPOWER,Groww BSE Power ETF,GROWP,GROWP
BFSI,etf,BFSI,Mirae Asset Nifty Financial Services ETF,MAFS,MAFS
FINIETF,etf,FINIETF,ICICI Pru Nifty Financial Services Ex-Bank ETF,ICIII,ICIII
FMCGIETF,etf,FMCGIETF,ICICI Prudential Nifty FMCG ETF,ICICF,ICICF
HEALTHCARE,etf,HEALTHCARE,Mirae Asset Nifty 500 Healthcare ETF,HEALC,HEALC
HEALTHIETF,etf,HEALTHIETF,ICICI Prudential Nifty Healthcare ETF,ICICI,ICICI
HEALTHY,etf,HEALTHY,Aditya BSL Nifty Healthcare ETF,HEALT,HEALT
MOHEALTH,etf,MOHEALTH,Motilal Oswal BSE Healthcare ETF,MOHE,MOHE
HEALTHADD,,,,,
AXISHCETF,,,,,
ITETF,,,,,
ITIETF,,,,,
ITBEES,etf,ITBEES,Nippon India ETF Nifty IT,NIPD,NIPD
HDFCNIFIT,etf,HDFCNIFIT,HDFC Nifty IT ETF,HDFCI,HDFCI
IT,etf,IT,Kotak Nifty IT ETF,KOTA,KOTA
ITADD,etf,ITADD,DSP Nifty IT ETF,DSPI,DSPI
TNIDETF,etf,TNIDETF,Tata Nifty India Digital Exchange Traded Fund,TNI,TNI
SBIETFIT,etf,SBIETFIT,SBI Nifty IT ETF,SBIET,SBIET
AXISTECETF,etf,AXISTECETF,Axis NIFTY IT ETF,AXIST,AXIST
INTERNET,etf,INTERNET,Mirae Asset Nifty India Internet ETF,INTEN,INTEN
TECH,etf,TECH,Aditya BSL Nifty IT ETF,TECT,TECT
ITBETA,etf,ITBETA,UTI Nifty IT ETF,NIFI,NIFI
METALIETF,,,,,
METAL,,,,,
GROWWMETAL,,,,,
PHARMABEES,etf,PHARMABEES,Nippon India Nifty Pharma ETF,NETFP,NETFP
CHEMICAL,etf,CHEMICAL,Kotak Nifty Chemicals ETF,CHEMA,CHEMA
GROWWCHEM,etf,GROWWCHEM,Groww Nifty Chemicals ETF,GROWH,GROWH
PSUBANK,etf,PSUBANK,Kotak Nifty PSU Bank ETF,KTPU,KTPU
PSUBNKBEES,etf,PSUBNKBEES,Nippon India ETF Nifty PSU Bank BeES,PSUB,PSUB
PSUBNKIETF,etf,PSUBNKIETF,ICICI Prudential Nifty PSU Bank ETF,PSU,PSU
SBIBPB,etf,SBIBPB,SBI BSE PSU BANK ETF,SBIB,SBIB
PSUBANKADD,etf,PSUBANKADD,DSP Nifty PSU Bank ETF,DSPP,DSPP
HDFCPSUBK,etf,HDFCPSUBK,HDFC NIFTY PSU BANK ETF,HDFCK,HDFCK
BANKPSU,etf,BANKPSU,Mirae Asset Nifty PSU Bank ETF,BANKP,BANKP
GROWWRAIL,etf,GROWWRAIL,Groww Nifty India Railways PSU ETF,GROWR,GROWR
MOREALTY,etf,MOREALTY,Motilal Oswal Nifty Realty ETF,MORE,MORE
GROWWRLTY,etf,GROWWRLTY,Groww Nifty Realty ETF,GROWT,GROWT
ICICIB22,etf,ICICIB22,Bharat 22 ETF,ICPR,ICPR
CONS,etf,CONS,Kotak Nifty India Consumption ETF,KOTAC,KOTAC
CONSUMBEES,etf,CONSUMBEES,Nippon India ETF Nifty India Consumption,NCON,NCON
MOTOUR,etf,MOTOUR,Motilal Oswal Nifty India Tourism ETF,MOTO,MOTO
CONSUMIETF,etf,CONSUMIETF,ICICI Prudential Nifty India Consumption ETF,ICICC,ICICC
SBIETFCON,etf,SBIETFCON,SBI Nifty Consumption ETF,SBIEF,SBIEF
CONSUMER,etf,CONSUMER,Mirae Asset Nifty India New Age Consumption ETF,CONSU,CONSU
AXISCETF,etf,AXISCETF,Axis NIFTY India Consumption ETF,AXISC,AXISC
MOSERVICE,etf,MOSERVICE,Motilal Oswal Nifty Services Sector ETF,MOSE,MOSE
MODEFENCE,etf,MODEFENCE,Motilal Oswal Nifty India Defence ETF,MODEF,MODEF
DEFENCE,etf,DEFENCE,Mirae Asset BSE India Defence ETF,DEFE,DEFE
GROWWDEFNC,etf,GROWWDEFNC,Groww Nifty India Defence ETF,GROWD,GROWD
SBINEQWETF,etf,SBINEQWETF,SBI Nifty50 Equal Weight ETF,SBINE,SBINE
TOP10ADD,etf,TOP10ADD,DSP Nifty Top 10 Equal Weight ETF,TOPA,TOPA
EQUAL50ADD,etf,EQUAL50ADD,DSP Nifty 50 Equal Weight ETF,DSP,DSP
SHARIABEES,etf,SHARIABEES,Nippon India ETF Nifty 50 Shariah BeES,SBET,SBET
NIFTY100EW,etf,NIFTY100EW,Kotak Nifty 100 Equal Weight ETF,NIFTY,NIFTY
TOP15IETF,etf,TOP15IETF,ICICI Prudential Nifty Top 15 Equal Weight ETF,TOPI,TOPI
TOP20,etf,TOP20,Mirae Asset Nifty Top 20 Equal Weight ETF,TOO,TOO
EQUAL50,etf,EQUAL50,Mirae Asset Nifty50 Equal Weight ETF,EQUAL,EQUAL
EQUAL200,etf,EQUAL200,Mirae Asset BSE 200 Equal Weight ETF,EQUA,EQUA
MON50EQUAL,etf,MON50EQUAL,MOTILAL OSWAL NIFTY 50 EQUAL WEIGHT ETF,MONE,MONE
ESG,etf,ESG,Mirae Asset Nifty 100 ESG Sector Leaders ETF,MAE,MAE
EVINDIA,etf,EVINDIA,Mirae Asset Nifty EV and New Age Automotive ETF,EVI,EVI
GROWWEV,etf,GROWWEV,Groww Nifty EV & New Age Automotive ETF,GROW,GROW
EVIETF,etf,EVIETF,ICICI Prudential Nifty EV & New Age Automotive ETF,EVIE,EVIE
INFRAIETF,etf,INFRAIETF,ICICI Prudential Nifty Infrastructure ETF,ICICN,ICICN
INFRABEES,etf,INFRABEES,Nippon India ETF Nifty Infrastructure BeES,IFRB,IFRB
MANUFGBEES,etf,MANUFGBEES,Nippon India Nifty India Manufacturing ETF,MANU,MANU
INFRA,etf,INFRA,Mirae Asset Nifty India Infrastr. & Logistics ETF,INFRN,INFRN
MOINFRA,etf,MOINFRA,Motilal Oswal BSE India Infrastructure ETF,MOI,MOI
MNC,etf,MNC,Kotak Nifty MNC ETF,KOTAN,KOTAN
MOMNC,etf,MOMNC,Motilal Oswal Nifty MNC ETF,MOMN,MOMN
MOMENTUM30,etf,MOMENTUM30,Kotak Nifty 200 Momentum 30 ETF,MOMET,MOMET
ALPHA,etf,ALPHA,Kotak Nifty Alpha 50 ETF,KOTAK,KOTAK
ALPL30IETF,etf,ALPL30IETF,ICICI Pru Nifty Alpha Low- Volatility 30 ETF,ICIH,ICIH
MOM30IETF,etf,MOM30IETF,ICICI Prudential Nifty 200 Momentum 30 ETF,ICICM,ICICM
MOMENTUM50,etf,MOMENTUM50,Motilal Oswal Nifty 500 Momentum 50 ETF,MOMEN,MOMEN
ALPHAETF,etf,ALPHAETF,Mirae Asset Nifty 200 Alpha 30 ETF,ALPHE,ALPHE
MIDSMALL,etf,MIDSMALL,Mirae Asset Nifty MidSmallcap400 Momentum Q100 ETF,MIDS,MIDS
HDFCMOMENT,etf,HDFCMOMENT,HDFC Nifty200 Momentum 30 ETF,HDFCM,HDFCM
MOMOMENTUM,etf,MOMOMENTUM,Motilal Oswal Nifty 200 Momentum 30 ETF,MOMO,MOMO
MOMIDMTM,etf,MOMIDMTM,Motilal Oswal Nifty Midcap150 Momentum 50 ETF,MOMI,MOMI
MOMENTUM,etf,MOMENTUM,ADITYA BSL Nifty 200 Momentum 30 ETF,MOME,MOME
EMULTIMQ,etf,EMULTIMQ,Edelweiss Nifty500 Multicap Momentum Quality50 ETF,EMUL,EMUL
GROWWMOM50,etf,GROWWMOM50,Groww Nifty 500 Momentum 50 ETF,GROWM,GROWM
MOM50,etf,MOM50,Motilal Oswal Nifty 50 ETF,M50,M50
AONETMMQ50,etf,AONETMMQ50,Angel One Nifty Total Market Momentum Qlty 50 ETF,AONET,AONET
SELECTIPO,etf,SELECTIPO,Mirae Asset BSE Select IPO ETF,SELE,SELE
MOALPHA50,etf,MOALPHA50,Motilal Oswal Nifty Alpha 50 ETF,MOA,MOA
MOMGF,etf,MOMGF,Motilal Oswal Nifty India Manufacturing ETF,MOMG,MOMG
MOIPO,etf,MOIPO,MOTILAL OSWAL BSE SELECT IPO ETF,MOIP,MOIP
CPSEETF,etf,CPSEETF,CPSE ETF,GOMS,GOMS
MAKEINDIA,etf,MAKEINDIA,Mirae Asset Nifty India Manufacturing ETF,MAMF,MAMF
ABSLPSE,etf,ABSLPSE,Aditya Birla Sun Life Nifty PSE ETF,ABSLP,ABSLP
GROWWPSE,etf,GROWWPSE,Groww Nifty PSE ETF,GROPW,GROPW
MOPSE,etf,MOPSE,Motilal Oswal Nifty Pse ETF,MOP,MOP
NV20BEES,etf,NV20BEES,Nippon India ETF Nifty 50 Value 20,NNET,NNET
MOVALUE,etf,MOVALUE,Motilal Oswal BSE Enhanced Value ETF,MOV,MOV
VAL30IETF,etf,VAL30IETF,ICICI Prudential Nifty200 Value 30 ETF,VALIE,VALIE
NV20IETF,etf,NV20IETF,ICICI Prudential Nifty50 Value 20 ETF,ICIN,ICIN
AXISVALUE,etf,AXISVALUE,Axis Nifty500 Value 50 ETF,AXISV,AXISV
NV20,etf,NV20,Kotak Nifty 50 Value 20 ETF,KONV,KONV
DIVOPPBEES,etf,DIVOPPBEES,Nippon India ETF Nifty Dividend Opportunities 50,NDIV,NDIV
MIDQ50ADD,etf,MIDQ50ADD,DSP Nifty Midcap 150 Quality 50 ETF,DSPQ,DSPQ
FLEXIADD,etf,FLEXIADD,DSP Nifty500 Flexicap Quality 30 ETF,FLEX,FLEX
QUAL30IETF,etf,QUAL30IETF,ICICI Prudential Nifty 200 Quality 30 ETF,ICICQ,ICICQ
NIFTYQLITY,etf,NIFTYQLITY,ADITYA BSL Nifty 200 Quality 30 ETF,NIF,NIF
HDFCQUAL,etf,HDFCQUAL,HDFC Nifty100 Quality 30 ETF,HDFCQ,HDFCQ
HDFCVALUE,etf,HDFCVALUE,HDFC Nifty50 Value 20 ETF,HDFCV,HDFCV
QUALITY30,etf,QUALITY30,Kotak Nifty200 Quality 30 ETF,QUAL,QUAL
SBIETFQLTY,etf,SBIETFQLTY,SBI Nifty 200 Quality 30 ETF,SIET,SIET
MOQUALITY,etf,MOQUALITY,Motilal Oswal BSE Quality ETF,MOQ,MOQ
DIVIDEND,etf,DIVIDEND,Mirae Asset BSE 500 Dividend Leaders 50 ETF,DIVID,DIVID